<?xml version="1.0" encoding="UTF-8" ?>
<!DOCTYPE mapper
        PUBLIC "-//mybatis.org//DTD Mapper 3.0//EN"
        "http://mybatis.org/dtd/mybatis-3-mapper.dtd">
<mapper namespace="com.itcyt.mapper.PersonMapper">
    <delete id="deleteByIds">
        delete from personinfo where id in
        <foreach collection="ids" item="id" separator="," open="(" close=")">
            #{id}
        </foreach>
    </delete>


    <select id="selectByPageAndCondition" resultType="java.util.Map">
        select *
        from personinfo
        <where>
            <if test="person.personid != null and person.personid != ''">
                and personid like #{person.personid}
            </if>
            <if test="person.health != null">
                and health=#{person.health}
            </if>
        </where>
        limit #{begin},#{size}
    </select>


    <select id="selectTotalCountByCondition" resultType="java.lang.Integer">
        select count(*)
        from personinfo
        <where>
            <if test="personid != null and personid != ''">
                and personid like #{personid}
            </if>
            <if test="health != null">
                and health=#{health}
            </if>
        </where>;
    </select>

</mapper>